{"best_weight": [-0.41789488200694813, 1.5033026865896253, -0.8763801965822731, -0.7402806460318698, 0.00159367586489495, 0.6557771708650735], "loss": [443, 562, 561, 395, 433, 405, 576, 639, 381, 364, 425, 547, 630, 401, 401, 405, 539, 657, 463, 354]}