{"best_weight": [-0.654177217187887, 1.5187056112494473, -0.925019046950097, -0.6327581346493678, 0.07868774671027712, 0.8814270022175144], "loss": [565, 559, 423, 452, 411, 550, 660, 521, 368, 457, 506, 591, 457, 458, 444, 583, 639, 408, 373, 469]}